index,question,answer,response_gemini,running_time_gemini,score,counts,totals,precisions,bp,sys_len,ref_len,rouge1,rouge2,rougeL,rougeLsum
0,FTMM adalah,"Fakultas Teknologi Maju dan Multidisiplin (FTMM), yang semula bernama Sekolah Teknologi Maju dan Multidisiplin, didirikan pada November 2019 dengan 5 program studi S1, antara lain: Teknik Robotika dan Kecerdasan Buatan, Teknologi Sains Data, Rekayasa Nanoteknologi, Teknik Industri, dan Teknik Elektro.","FTMM adalah Fakultas Teknologi Maju dan Multidisiplin, Universitas Airlangga. FTMM hadir dan melengkapi 3 pilar utama Universitas Airlangga (social science, life science, dan health science) dengan pilar baru di bidang keteknikan (engineering).",3.7112674713134766,11.37646781649191,"[15, 6, 4, 3]","[41, 40, 39, 38]","[36.59, 15.0, 10.26, 7.89]",0.7835640758096347,41,51,0.25,0.1142857142857143,0.22222222222222224,0.22222222222222224
1,Halo FTMM itu apa?,"Fakultas Teknologi Maju dan Multidisiplin (FTMM), yang semula bernama Sekolah Teknologi Maju dan Multidisiplin, didirikan pada November 2019 dengan 5 program studi S1, antara lain: Teknik Robotika dan Kecerdasan Buatan, Teknologi Sains Data, Rekayasa Nanoteknologi, Teknik Industri, dan Teknik Elektro.","Hai, salam kenal! Aku FTMMQA, chatbot Fakultas Teknologi Maju dan Multidisiplin (FTMM), Universitas Airlangga. FTMM adalah fakultas baru di Universitas Airlangga yang berdiri pada November 2019. FTMM hadir untuk melengkapi 3 pilar utama Universitas Airlangga (sosial, sains, dan kesehatan) dengan pilar baru di bidang teknik (engineering). Di FTMM, kami memiliki 1 departemen dan 5 program studi S1, termasuk Teknik Robotika dan Kecerdasan Buatan serta Rekayasa Nanoteknologi yang merupakan satu-satunya di Indonesia. Keren, kan?",5.0567333698272705,19.198644535276056,"[34, 20, 14, 10]","[93, 92, 91, 90]","[36.56, 21.74, 15.38, 11.11]",1.0,93,51,0.456140350877193,0.26785714285714285,0.38596491228070173,0.38596491228070173
2,Kapan FTMM didirikan?,"Fakultas Teknologi Maju dan Multidisiplin (FTMM), yang semula bernama Sekolah Teknologi Maju dan Multidisiplin, didirikan pada November 2019 dengan 5 program studi S1, antara lain: Teknik Robotika dan Kecerdasan Buatan, Teknologi Sains Data, Rekayasa Nanoteknologi, Teknik Industri, dan Teknik Elektro.",FTMM didirikan pada bulan November 2019.,2.0449161529541016,0.0,"[6, 2, 0, 0]","[7, 6, 5, 4]","[85.71, 33.33, 0.0, 0.0]",0.0018627259759257083,7,51,0.21739130434782608,0.09090909090909091,0.21739130434782608,0.21739130434782608
3,Ada berapa program studi di FTMM?,"Fakultas Teknologi Maju dan Multidisiplin (FTMM), yang semula bernama Sekolah Teknologi Maju dan Multidisiplin, didirikan pada November 2019 dengan 5 program studi S1, antara lain: Teknik Robotika dan Kecerdasan Buatan, Teknologi Sains Data, Rekayasa Nanoteknologi, Teknik Industri, dan Teknik Elektro.","FTMM memiliki 5 program studi S1, yaitu:
1. Teknik Robotika dan Kecerdasan Buatan
2. Teknologi Sains Data
3. Rekayasa Nanoteknologi
4. Teknik Industri
5. Teknik Elektro",3.57833194732666,17.416320182983448,"[22, 13, 7, 4]","[33, 32, 31, 30]","[66.67, 40.62, 22.58, 13.33]",0.5795782787848095,33,51,0.5757575757575758,0.37500000000000006,0.5757575757575758,0.5757575757575758
4,Apa saja program studi yang ada di FTMM?,"Fakultas Teknologi Maju dan Multidisiplin (FTMM), yang semula bernama Sekolah Teknologi Maju dan Multidisiplin, didirikan pada November 2019 dengan 5 program studi S1, antara lain: Teknik Robotika dan Kecerdasan Buatan, Teknologi Sains Data, Rekayasa Nanoteknologi, Teknik Industri, dan Teknik Elektro.","Di FTMM, kami memiliki lima program studi yang berada di bawah naungan Departemen Teknik, yaitu:

1. Teknik Robotika dan Kecerdasan Buatan
2. Teknologi Sains Data
3. Rekayasa Nanoteknologi
4. Teknik Industri
5. Teknik Elektro

Masing-masing program studi memiliki keunggulan dan kekhasan tersendiri, serta siap mencetak lulusan yang kompeten dan siap berkontribusi pada kemajuan teknologi.",3.051414728164673,10.909451748857432,"[27, 10, 4, 2]","[64, 63, 62, 61]","[42.19, 15.87, 6.45, 3.28]",1.0,64,51,0.4842105263157894,0.21505376344086022,0.3578947368421052,0.46315789473684216
5,Sejak tahun berapa FTMM didirikan?,"Fakultas Teknologi Maju dan Multidisiplin (FTMM), yang semula bernama Sekolah Teknologi Maju dan Multidisiplin, didirikan pada November 2019 dengan 5 program studi S1, antara lain: Teknik Robotika dan Kecerdasan Buatan, Teknologi Sains Data, Rekayasa Nanoteknologi, Teknik Industri, dan Teknik Elektro.",FTMM didirikan pada bulan November 2019.,2.967982769012451,0.0,"[6, 2, 0, 0]","[7, 6, 5, 4]","[85.71, 33.33, 0.0, 0.0]",0.0018627259759257083,7,51,0.21739130434782608,0.09090909090909091,0.21739130434782608,0.21739130434782608
6,Halo FTMM ada dimana?,"Fakultas Teknologi Maju dan Multidisiplin berlokasi di Gedung Kuliah Bersama (GKB) UNAIR Kampus C.
Lokasi : Gedung Kuliah Bersama, Jl. Dr. Ir. H. Soekarno, Mulyorejo, Kec. Mulyorejo, Surabaya, Jawa Timur 60115.
Di gedung ini, FTMM menempati lantai Ground sebagai laboratorium pendidikan, Lantai 1 sebagai ruang administrasi akademik dan kemahasiswaan, ORMAWA, serta laboratorium pendidikan. Lantai 6 sebagai ruang kelas, lantai 8 sebagai ruang dosen dan laboratorium komputer High Grade & Mid Grade. Serta lantai 10 sebagai ruang pimpinan FTMM, administrasi sarana prasarana, sdm dan keuangan, serta Research Centre Nanotechnology.","Hai, salam kenal! Aku FTMMQA, chatbot Fakultas Teknologi Maju dan Multidisiplin (FTMM), Universitas Airlangga. Aku siap menjawab pertanyaanmu seputar FTMM.

Untuk menjawab pertanyaanmu, FTMM berlokasi di Jl. Dr. Ir. H. Soekarno, Mulyorejo, Kec. Mulyorejo, Kota SBY, Jawa Timur.

Semoga membantumu! Jangan ragu untuk bertanya lagi ya!",3.1712889671325684,16.825693868944573,"[37, 23, 18, 15]","[67, 66, 65, 64]","[55.22, 34.85, 27.69, 23.44]",0.5033008561244556,67,113,0.2878787878787879,0.2,0.25757575757575757,0.2878787878787879
7,FTMM di kampus mana?,"Fakultas Teknologi Maju dan Multidisiplin berlokasi di Gedung Kuliah Bersama (GKB) UNAIR Kampus C.
Lokasi : Gedung Kuliah Bersama, Jl. Dr. Ir. H. Soekarno, Mulyorejo, Kec. Mulyorejo, Surabaya, Jawa Timur 60115.
Di gedung ini, FTMM menempati lantai Ground sebagai laboratorium pendidikan, Lantai 1 sebagai ruang administrasi akademik dan kemahasiswaan, ORMAWA, serta laboratorium pendidikan. Lantai 6 sebagai ruang kelas, lantai 8 sebagai ruang dosen dan laboratorium komputer High Grade & Mid Grade. Serta lantai 10 sebagai ruang pimpinan FTMM, administrasi sarana prasarana, sdm dan keuangan, serta Research Centre Nanotechnology.","FTMM berada di kampus Universitas Airlangga, Mulyorejo, Surabaya. Tepatnya di Jl. Dr. Ir. H. Soekarno, Mulyorejo, Kec. Mulyorejo, Kota SBY, Jawa Timur.",2.439384937286377,5.680915155770424,"[26, 18, 16, 13]","[35, 34, 33, 32]","[74.29, 52.94, 48.48, 40.62]",0.10768215195400163,35,113,0.2592592592592593,0.16981132075471697,0.22222222222222218,0.22222222222222218
8,Lokasi FTMM ada di mana?,"Fakultas Teknologi Maju dan Multidisiplin berlokasi di Gedung Kuliah Bersama (GKB) UNAIR Kampus C.
Lokasi : Gedung Kuliah Bersama, Jl. Dr. Ir. H. Soekarno, Mulyorejo, Kec. Mulyorejo, Surabaya, Jawa Timur 60115.
Di gedung ini, FTMM menempati lantai Ground sebagai laboratorium pendidikan, Lantai 1 sebagai ruang administrasi akademik dan kemahasiswaan, ORMAWA, serta laboratorium pendidikan. Lantai 6 sebagai ruang kelas, lantai 8 sebagai ruang dosen dan laboratorium komputer High Grade & Mid Grade. Serta lantai 10 sebagai ruang pimpinan FTMM, administrasi sarana prasarana, sdm dan keuangan, serta Research Centre Nanotechnology.","FTMM berlokasi di Jl. Dr. Ir. H. Soekarno, Mulyorejo, Kec. Mulyorejo, Kota SBY, Jawa Timur.",2.944213390350342,2.125527459815286,"[23, 18, 15, 13]","[25, 24, 23, 22]","[92.0, 75.0, 65.22, 59.09]",0.029599435167892013,25,113,0.25742574257425743,0.18181818181818185,0.2376237623762376,0.2376237623762376
9,Apa itu GKB di FTMM?,"Fakultas Teknologi Maju dan Multidisiplin berlokasi di Gedung Kuliah Bersama (GKB) UNAIR Kampus C.
Lokasi : Gedung Kuliah Bersama, Jl. Dr. Ir. H. Soekarno, Mulyorejo, Kec. Mulyorejo, Surabaya, Jawa Timur 60115.
Di gedung ini, FTMM menempati lantai Ground sebagai laboratorium pendidikan, Lantai 1 sebagai ruang administrasi akademik dan kemahasiswaan, ORMAWA, serta laboratorium pendidikan. Lantai 6 sebagai ruang kelas, lantai 8 sebagai ruang dosen dan laboratorium komputer High Grade & Mid Grade. Serta lantai 10 sebagai ruang pimpinan FTMM, administrasi sarana prasarana, sdm dan keuangan, serta Research Centre Nanotechnology.","GKB di FTMM adalah Gedung Kuliah Bersama, sebuah gedung perkuliahan yang sangat representatif dan merupakan bangunan baru di lingkungan UNAIR. GKB memiliki kapasitas 5000 mahasiswa dan juga menjadi tempat pembelajaran dasar bersama (PDB). Gedung ini dilengkapi dengan fasilitas keamanan dan keselamatan yang mumpuni, serta memiliki 12 lantai yang dilengkapi lift touchless modern, internet 1Gbps, dan taman diskusi yang nyaman di rooftop gedung.",4.257709264755249,2.9951757160151637,"[25, 4, 2, 1]","[71, 70, 69, 68]","[35.21, 5.71, 2.9, 1.47]",0.5534691327517693,71,113,0.22972972972972971,0.0410958904109589,0.16216216216216217,0.16216216216216217
10,Di GKB FTMM ada apa saja?,"Fakultas Teknologi Maju dan Multidisiplin berlokasi di Gedung Kuliah Bersama (GKB) UNAIR Kampus C.
Lokasi : Gedung Kuliah Bersama, Jl. Dr. Ir. H. Soekarno, Mulyorejo, Kec. Mulyorejo, Surabaya, Jawa Timur 60115.
Di gedung ini, FTMM menempati lantai Ground sebagai laboratorium pendidikan, Lantai 1 sebagai ruang administrasi akademik dan kemahasiswaan, ORMAWA, serta laboratorium pendidikan. Lantai 6 sebagai ruang kelas, lantai 8 sebagai ruang dosen dan laboratorium komputer High Grade & Mid Grade. Serta lantai 10 sebagai ruang pimpinan FTMM, administrasi sarana prasarana, sdm dan keuangan, serta Research Centre Nanotechnology.","Di GKB FTMM terdapat:
- Gedung Perkuliahan
- Ruang Kelas Teater
- Ruang Kelas Reguler
- Auditorium Candradimuka
- Studio Multimedia
- Laboratorium Komputer
- Laboratorium Nanoteknologi
- Laboratorium Teknik Elektro
- Laboratorium Teknik Robotika dan Kecerdasan Buatan
- Taman Diskusi",4.190387725830078,0.0,"[6, 0, 0, 0]","[42, 41, 40, 39]","[14.29, 0.0, 0.0, 0.0]",0.18443167847025319,42,113,0.20512820512820512,0.034782608695652174,0.15384615384615385,0.17094017094017094
11,Apakah FTMM mempunyai akun media sosial?,"Media sosial Fakultas Teknologi Maju dan Multidisiplin
Instagram = @ftmmunair
Twitter = @FTMMUNAIR
Youtube = @ftmmunair
WhatsApp = +62 881-0360-00830
Email = info@ftmm.unair.ac.id
Website = ftmm.unair.ac.id.","Tentu saja! FTMM memiliki akun media sosial resmi, yaitu:
- Instagram: @ftmm_unair
- Twitter: @ftmm_unair
- Facebook: FTMM Universitas Airlangga
- Youtube: FTMM UNAIR

Jangan lupa follow akun media sosial FTMM untuk mendapatkan informasi terbaru tentang kegiatan, prestasi, dan pengumuman penting lainnya.",2.9406044483184814,0.0,"[14, 1, 0, 0]","[58, 57, 56, 55]","[24.14, 1.75, 0.0, 0.0]",1.0,58,49,0.2028985507246377,0.08955223880597014,0.17391304347826086,0.17391304347826086
12,Dimana saya bisa menghubungi FTMM?,"Media sosial Fakultas Teknologi Maju dan Multidisiplin
Instagram = @ftmmunair
Twitter = @FTMMUNAIR
Youtube = @ftmmunair
WhatsApp = +62 881-0360-00830
Email = info@ftmm.unair.ac.id
Website = ftmm.unair.ac.id.",Kamu bisa menghubungi FTMM melalui email info@ftmm.unair.ac.id atau melalui telepon di (031) 5990000.,2.872676372528076,11.954996979100287,"[10, 8, 7, 6]","[24, 23, 22, 21]","[41.67, 34.78, 31.82, 28.57]",0.35286608145884896,24,49,0.2608695652173913,0.18181818181818182,0.2173913043478261,0.2173913043478261
13,Bagaimana saya bisa melihat informasi terkait FTMM?,"Media sosial Fakultas Teknologi Maju dan Multidisiplin
Instagram = @ftmmunair
Twitter = @FTMMUNAIR
Youtube = @ftmmunair
WhatsApp = +62 881-0360-00830
Email = info@ftmm.unair.ac.id
Website = ftmm.unair.ac.id.","Hai, selamat datang di FTMM! Kamu bisa melihat informasi terkait FTMM di website resmi kami di www.ftmm.unair.ac.id. Di sana, kamu bisa menemukan berbagai informasi tentang fakultas, program studi, kegiatan mahasiswa, dan lain-lain. Jangan lupa follow akun media sosial kami juga ya, di Instagram @ftmm_unair dan Twitter @ftmm_unair. Sampai jumpa di FTMM!",3.3294286727905273,11.361141853169658,"[19, 9, 6, 5]","[76, 75, 74, 73]","[25.0, 12.0, 8.11, 6.85]",1.0,76,49,0.2298850574712644,0.11764705882352942,0.13793103448275862,0.13793103448275862
14,Apakah FTMM memiliki chanel Youtube?,"Media sosial Fakultas Teknologi Maju dan Multidisiplin
Instagram = @ftmmunair
Twitter = @FTMMUNAIR
Youtube = @ftmmunair
WhatsApp = +62 881-0360-00830
Email = info@ftmm.unair.ac.id
Website = ftmm.unair.ac.id.","Maaf, saya tidak menemukan informasi mengenai chanel Youtube FTMM dalam konteks yang diberikan.",2.278519630432129,0.0,"[2, 0, 0, 0]","[15, 14, 13, 12]","[13.33, 0.0, 0.0, 0.0]",0.10365712861152786,15,49,0.04761904761904762,0.0,0.04761904761904762,0.04761904761904762
15,Berapa jumlah mahasiswa FTMM?,"FTMM hadir dan melengkapi 3 pilar utama Universitas Airlangga (social science, life science, dan health science) dengan pilar baru di bidang keteknikan (engineering). Mahasiswa angkatan pertama FTMM berjumlah kurang lebih 400 mahasiswa. Kami akan terus berusaha memberikan yang terbaik dalam fasilitas pendidikan, dan membuka kesempatan kepada mahasiswa kami untuk dapat berkontribusi pada kemajuan teknologi.","Maaf, saya tidak dapat menjawab pertanyaan tersebut karena informasi mengenai jumlah mahasiswa FTMM tidak tersedia dalam konteks yang diberikan.",2.3071587085723877,0.0,"[7, 0, 0, 0]","[21, 20, 19, 18]","[33.33, 0.0, 0.0, 0.0]",0.12904178044763628,21,64,0.136986301369863,0.0,0.0821917808219178,0.0821917808219178
16,Kenapa ada FTMM?,"FTMM hadir dan melengkapi 3 pilar utama Universitas Airlangga (social science, life science, dan health science) dengan pilar baru di bidang keteknikan (engineering). Mahasiswa angkatan pertama FTMM berjumlah kurang lebih 400 mahasiswa. Kami akan terus berusaha memberikan yang terbaik dalam fasilitas pendidikan, dan membuka kesempatan kepada mahasiswa kami untuk dapat berkontribusi pada kemajuan teknologi.","FTMM hadir untuk melengkapi 3 pilar utama Universitas Airlangga (social science, life science, dan health science) dengan pilar baru di bidang keteknikan (engineering).",6.840985059738159,29.850278847458398,"[30, 27, 25, 24]","[30, 29, 28, 27]","[100.0, 93.1, 89.29, 88.89]",0.3219582715376759,30,64,0.5974025974025974,0.5333333333333334,0.5714285714285714,0.5714285714285714
17,FTMM mencakup di bidang apa saja di Universitas Airlangga?,"FTMM hadir dan melengkapi 3 pilar utama Universitas Airlangga (social science, life science, dan health science) dengan pilar baru di bidang keteknikan (engineering). Mahasiswa angkatan pertama FTMM berjumlah kurang lebih 400 mahasiswa. Kami akan terus berusaha memberikan yang terbaik dalam fasilitas pendidikan, dan membuka kesempatan kepada mahasiswa kami untuk dapat berkontribusi pada kemajuan teknologi.","FTMM hadir dan melengkapi 3 pilar utama Universitas Airlangga (social science, life science, dan health science) dengan pilar baru di bidang keteknikan (engineering).",3.4732255935668945,32.1958271537676,"[30, 29, 28, 27]","[30, 29, 28, 27]","[100.0, 100.0, 100.0, 100.0]",0.3219582715376759,30,64,0.5974025974025974,0.5866666666666668,0.5974025974025974,0.5974025974025974
18,Tujuan didirikan FTMM?,"FTMM hadir dan melengkapi 3 pilar utama Universitas Airlangga (social science, life science, dan health science) dengan pilar baru di bidang keteknikan (engineering). Mahasiswa angkatan pertama FTMM berjumlah kurang lebih 400 mahasiswa. Kami akan terus berusaha memberikan yang terbaik dalam fasilitas pendidikan, dan membuka kesempatan kepada mahasiswa kami untuk dapat berkontribusi pada kemajuan teknologi.","FTMM didirikan dengan tujuan untuk melengkapi 3 pilar utama Universitas Airlangga (social science, life science, dan health science) dengan pilar baru di bidang keteknikan (engineering).",2.7193174362182617,31.302457600785452,"[29, 26, 25, 24]","[32, 31, 30, 29]","[90.62, 83.87, 83.33, 82.76]",0.36787944117144233,32,64,0.5569620253164557,0.49350649350649345,0.5316455696202531,0.5316455696202531
19,FTMM menghadirkan pilar baru dibidang apa?,"FTMM hadir dan melengkapi 3 pilar utama Universitas Airlangga (social science, life science, dan health science) dengan pilar baru di bidang keteknikan (engineering). Mahasiswa angkatan pertama FTMM berjumlah kurang lebih 400 mahasiswa. Kami akan terus berusaha memberikan yang terbaik dalam fasilitas pendidikan, dan membuka kesempatan kepada mahasiswa kami untuk dapat berkontribusi pada kemajuan teknologi.",FTMM menghadirkan pilar baru di bidang keteknikan (engineering).,3.3741583824157715,0.6522194524618734,"[10, 8, 7, 6]","[11, 10, 9, 8]","[90.91, 80.0, 77.78, 75.0]",0.008081467366424134,11,64,0.22580645161290322,0.16666666666666669,0.22580645161290322,0.22580645161290322
20,Apakah ada jurusan yang hanya ada satu di Indonesia?,"Di Fakultas Teknologi Maju dan Multidisiplin, Universitas Airlangga. Terdapat 2 program studi yang hanya ada satu di Indonesia yaitu S1 Teknik Robotika dan Kecerdasan Buatan serta S1 Rekayasa Nanoteknologi.","Tentu saja! Di FTMM, ada dua prodi yang merupakan satu-satunya di Indonesia, yaitu prodi Teknik Robotika dan Kecerdasan Buatan dan Rekayasa Nanoteknologi. Keren, kan?",2.045494318008423,17.972718614007036,"[16, 7, 4, 2]","[30, 29, 28, 27]","[53.33, 24.14, 14.29, 7.41]",0.9355069850316178,30,32,0.5555555555555556,0.2692307692307692,0.48148148148148145,0.48148148148148145
21,Program studi apa yang langka?,"Di Fakultas Teknologi Maju dan Multidisiplin, Universitas Airlangga. Terdapat 2 program studi yang hanya ada satu di Indonesia yaitu S1 Teknik Robotika dan Kecerdasan Buatan serta S1 Rekayasa Nanoteknologi.","Maaf, saya tidak menemukan informasi tentang program studi yang langka dalam konteks yang diberikan.",2.4179253578186035,0.0,"[5, 2, 1, 0]","[16, 15, 14, 13]","[31.25, 13.33, 7.14, 0.0]",0.36787944117144233,16,32,0.1395348837209302,0.0975609756097561,0.1395348837209302,0.1395348837209302
22,Apakah di FTMM ada jurusan yang langka dan hanya ada satu di indonesia?,"Di Fakultas Teknologi Maju dan Multidisiplin, Universitas Airlangga. Terdapat 2 program studi yang hanya ada satu di Indonesia yaitu S1 Teknik Robotika dan Kecerdasan Buatan serta S1 Rekayasa Nanoteknologi.","Tentu saja ada! Di FTMM, ada tiga program studi yang langka dan hanya ada satu di Indonesia, yaitu:

1. Teknik Robotika dan Kecerdasan Buatan
2. Rekayasa Nanoteknologi
3. Teknologi Sains Data

Ketiga prodi ini sangat diminati oleh kalangan siswa SMA yang sedang mencari dermaga perkuliahan untuk berlabuh. Jadi, kalau kamu tertarik dengan bidang-bidang tersebut, FTMM adalah pilihan yang tepat untukmu!",3.0661520957946777,13.202039873152293,"[23, 11, 7, 4]","[71, 70, 69, 68]","[32.39, 15.71, 10.14, 5.88]",1.0,71,32,0.4444444444444445,0.27272727272727276,0.37777777777777777,0.4222222222222222
23,Siapa pimpinan FTMM saat ini?,"Saat ini Fakultas Teknologi Maju dan Multidisiplin dipimpin oleh
Dekan = Prof. Dr. Dwi Setyawan, S.Si., M.Si., Apt
Wakil Dekan I = Dr. Nimatuzahroh, Dra.
Wakil Dekan II = Dr. Imron Mawardi, S.P., M.Si
Wakil Dekan III = Prof. Dr. Retna Apsari, M.Si
Ketua Departemen = Dr. Prihartini Widiyanti, drg., M.Kes, S. Bio, CCD.","Saat ini, pimpinan FTMM adalah:

* Dekan: Prof. Dr. Dwi Setyawan, S.Si., M.Si., Apt
* Wakil Dekan I: Prof. Dr. Nimatuzahroh, Dra.
* Wakil Dekan II: Dr. Imron Mawardi, S.P., M.Si
* Wakil Dekan III: Prof. Dr. Retna Apsari, M.Si",4.237219333648682,50.448421656070934,"[61, 50, 42, 35]","[74, 73, 72, 71]","[82.43, 68.49, 58.33, 49.3]",0.794748370336194,74,91,0.6875,0.574468085106383,0.6875,0.6458333333333333
24,FTMM di pimpin oleh?,"Saat ini Fakultas Teknologi Maju dan Multidisiplin dipimpin oleh
Dekan = Prof. Dr. Dwi Setyawan, S.Si., M.Si., Apt
Wakil Dekan I = Dr. Nimatuzahroh, Dra.
Wakil Dekan II = Dr. Imron Mawardi, S.P., M.Si
Wakil Dekan III = Prof. Dr. Retna Apsari, M.Si
Ketua Departemen = Dr. Prihartini Widiyanti, drg., M.Kes, S. Bio, CCD.","Dekan FTMM saat ini adalah Bapak Prof. Dr. Ir. Hery Purnobowo, M.Eng., IPU., ASEAN Eng.",3.2206366062164307,1.4129549821138316,"[15, 7, 3, 1]","[26, 25, 24, 23]","[57.69, 28.0, 12.5, 4.35]",0.0820849986238988,26,91,0.16901408450704225,0.057971014492753624,0.14084507042253522,0.14084507042253522
25,Siapa Dekan FTMM?,"Saat ini Fakultas Teknologi Maju dan Multidisiplin dipimpin oleh
Dekan = Prof. Dr. Dwi Setyawan, S.Si., M.Si., Apt
Wakil Dekan I = Dr. Nimatuzahroh, Dra.
Wakil Dekan II = Dr. Imron Mawardi, S.P., M.Si
Wakil Dekan III = Prof. Dr. Retna Apsari, M.Si
Ketua Departemen = Dr. Prihartini Widiyanti, drg., M.Kes, S. Bio, CCD.","Dekan FTMM saat ini adalah Prof. Dr. Dwi Setyawan, S.Si., M.Si., Apt. Beliau dilantik pada 1 Oktober 2020.",2.51206111907959,8.476001044465184,"[22, 17, 16, 15]","[31, 30, 29, 28]","[70.97, 56.67, 55.17, 53.57]",0.1443544030172017,31,91,0.32,0.2465753424657534,0.2933333333333334,0.2933333333333334
26,Karya apa saja yang sudah dihasilkan FTMM?,"Fakultas Teknologi Maju dan Multidisiplin telah berkontribusi dengan menghasilkan beberapa karya, seperti berikut =
a. ARTA-1 = merupakan robot yang digunakan sebagai asisten medis untuk pasien yang terpapar COVID-19.
b. ISYANA = merupakan mobile robot yang mempunyai fungsi menyemprotkan carian desinfektan pada area indor maupun outdoor.
c. ARSENIK = Merupakan teknologi smart farming yang memanfaatkan pembangkit listrik tenaga surya (PLTS) berkapasitas 900 Wp.
d. AirFeel = merupakan sistem berbasis internet of things (IoT) untuk mengukur parameter cuaca dan polutan gas di udara dengan aplikasi web berbasis HTML.","FTMM telah menghasilkan beberapa karya inovatif, di antaranya:

1. ARTA (Airlangga Robotic Triage Assistant): Robot asisten medis untuk pasien terpapar COVID-19.
2. ISYANA: Robot penyemprot cairan desinfektan dengan kamera FPV dan sensor-sensor.
3. ARSENIK: Teknologi Smart Farming memanfaatkan Pembangkit Listrik Tenaga Surya (PLTS) dan perangkat monitor online melalui internet of things (IoT).
4. ROBOT AIRO-LINE (Airlangga Robot Line Follower): Robot untuk mendukung pembelajaran STEM (Science, Technology, Engineering, Mathematics).
5. AirFeel: Sistem berbasis internet of things (IoT) untuk mengukur parameter cuaca dan polutan gas di udara dengan aplikasi web berbasis HTML.",4.498939275741577,25.135942716935656,"[51, 33, 25, 20]","[122, 121, 120, 119]","[41.8, 27.27, 20.83, 16.81]",1.0,122,100,0.5649717514124293,0.3771428571428571,0.5310734463276836,0.5310734463276836
27,FTMM sudah berkontribusi apa saja?,"Fakultas Teknologi Maju dan Multidisiplin telah berkontribusi dengan menghasilkan beberapa karya, seperti berikut =
a. ARTA-1 = merupakan robot yang digunakan sebagai asisten medis untuk pasien yang terpapar COVID-19.
b. ISYANA = merupakan mobile robot yang mempunyai fungsi menyemprotkan carian desinfektan pada area indor maupun outdoor.
c. ARSENIK = Merupakan teknologi smart farming yang memanfaatkan pembangkit listrik tenaga surya (PLTS) berkapasitas 900 Wp.
d. AirFeel = merupakan sistem berbasis internet of things (IoT) untuk mengukur parameter cuaca dan polutan gas di udara dengan aplikasi web berbasis HTML.","FTMM telah berkontribusi dalam berbagai bidang, baik nasional maupun internasional. Di tingkat internasional, mahasiswa FTMM telah berhasil meraih enam medali emas, delapan medali perak, satu medali perunggu, dan dua best company profile. Sedangkan di tingkat nasional, mahasiswa FTMM telah meraih enam medali emas, delapan medali perak, sepuluh medali perunggu, dan tujuh best presentation. Selain itu, FTMM juga berfokus pada riset teknologi berbasis kesehatan maupun multidisiplin untuk menjawab tantangan zaman.",4.150001049041748,0.0,"[15, 1, 0, 0]","[83, 82, 81, 80]","[18.07, 1.22, 0.0, 0.0]",0.8147945551343462,83,100,0.1437908496732026,0.013245033112582781,0.0784313725490196,0.0784313725490196
28,Apa itu ISYANA?,"Fakultas Teknologi Maju dan Multidisiplin telah berkontribusi dengan menghasilkan beberapa karya, seperti berikut =
a. ARTA-1 = merupakan robot yang digunakan sebagai asisten medis untuk pasien yang terpapar COVID-19.
b. ISYANA = merupakan mobile robot yang mempunyai fungsi menyemprotkan carian desinfektan pada area indor maupun outdoor.
c. ARSENIK = Merupakan teknologi smart farming yang memanfaatkan pembangkit listrik tenaga surya (PLTS) berkapasitas 900 Wp.
d. AirFeel = merupakan sistem berbasis internet of things (IoT) untuk mengukur parameter cuaca dan polutan gas di udara dengan aplikasi web berbasis HTML.",ISYANA adalah mobile robot yang berfungsi untuk menyemprotkan cairan disinfektan pada area indoor maupun outdoor. Robot ini dioperasikan dari jarak jauh menggunakan remote control RF.,4.306325912475586,0.0,"[12, 5, 2, 0]","[27, 26, 25, 24]","[44.44, 19.23, 8.0, 0.0]",0.06695706380792722,27,100,0.2018348623853211,0.07476635514018691,0.16513761467889906,0.16513761467889906
29,Lulusan FTMM mendapatkan gelar apa?,"Fakultas Teknologi Maju dan Multidisipin, Universitas Airlangga. menetapkan bahwa mahasiswa dari ke-5 program studinya pada akhir masa studinya memperoleh gelar Sarjana Teknik (S.T.).","Maaf, informasi mengenai gelar lulusan FTMM tidak tersedia dalam konteks yang diberikan.",2.1402719020843506,0.0,"[3, 0, 0, 0]","[14, 13, 12, 11]","[21.43, 0.0, 0.0, 0.0]",0.2969220257278961,14,31,0.05405405405405406,0.0,0.05405405405405406,0.05405405405405406
30,Lulusan FTMM apakah sarjana teknik?,"Fakultas Teknologi Maju dan Multidisipin, Universitas Airlangga. menetapkan bahwa mahasiswa dari ke-5 program studinya pada akhir masa studinya memperoleh gelar Sarjana Teknik (S.T.).","Tentu saja! Lulusan FTMM adalah sarjana teknik. FTMM hadir untuk melengkapi 3 pilar utama Universitas Airlangga (social science, life science, dan health science) dengan pilar baru di bidang keteknikan (engineering).",3.2712812423706055,0.0,"[8, 2, 0, 0]","[39, 38, 37, 36]","[20.51, 5.26, 0.0, 0.0]",1.0,39,31,0.1818181818181818,0.07547169811320754,0.07272727272727272,0.07272727272727272
31,Gelar apa untuk lulusan teknik robotika dan kecerdasan buatan?,"Fakultas Teknologi Maju dan Multidisipin, Universitas Airlangga. menetapkan bahwa mahasiswa dari ke-5 program studinya pada akhir masa studinya memperoleh gelar Sarjana Teknik (S.T.).","Maaf, informasi mengenai gelar lulusan teknik robotika dan kecerdasan buatan tidak tersedia dalam konteks yang diberikan.",2.6905157566070557,0.0,"[4, 0, 0, 0]","[18, 17, 16, 15]","[22.22, 0.0, 0.0, 0.0]",0.4856717852477123,18,31,0.14634146341463414,0.0,0.09756097560975609,0.09756097560975609
32,Bendera FTMM berwarna apa?,"Bendera FTMM memiliki warna biru  prusia  (prussian  blue)  melambangkan  FTMM  sebagai  pilar  teknologi  di Universitas Airlangga, warna perak (silver) memiliki makna kemajuan dan harapan sesuai dengan filosofi didirikannya FTMM sebagai bentuk kontribusi untuk Indonesia yang lebih maju melalui penguasaan teknologi, warna  pompadour   melambangkan   harmonisasi   dan   kolaborasi   multidisiplin   ilmu sebagaimana visi pendirian FTMM yang turut berperan aktif dalam pengembangan, penerapan dan kolaborasi IPTEK yang maju. Tiga buah warna yang berjajar melambangkan FTMM yang berangkat dari 3 pilar yang telah ada (health science, life science dan social science), teknologi hadir sebagai katalis kolaborasi antar pilar sehingga membawa keseimbangan bagi Universitas Airlangga sebagai institusi yang komprehensif.","Bendera FTMM berwarna biru prusia, perak, dan pompadour.",3.9401743412017822,0.0,"[10, 2, 0, 0]","[11, 10, 9, 8]","[90.91, 20.0, 0.0, 0.0]",7.152564183772831e-05,11,116,0.12612612612612614,0.03669724770642201,0.12612612612612614,0.12612612612612614
33,Logo FTMM berwarna apa?,Logo FTMM memiliki bentuk huruf tanpa sudut melambangkan FTMM sebagai Fakultas yang dinamis dan mampu beradaptasi terhadap berbagai tantangan. Huruf yang saling bersambung melambangkan kontinuitas FTMM dalam mengembangkan IPTEK. Warna biru dan kuning merupakan warna dasar Universitas Airlangga tempat FTMM bernaung. Gradasi warna pada logo melambangkan FTMM yang kolaboratif dengan berbagai disiplin ilmu yang ada.,Logo FTMM berwarna biru dan kuning. Warna biru dan kuning merupakan warna dasar Universitas Airlangga tempat FTMM bernaung.,2.1844592094421387,10.257398462024417,"[17, 14, 12, 11]","[20, 19, 18, 17]","[85.0, 73.68, 66.67, 64.71]",0.14227407158651353,20,59,0.4109589041095891,0.3380281690140845,0.4109589041095891,0.4109589041095891
34,Apa visi dari FTMM?,"Visi dari FTMM adalah menjadi fakultas teknik unggul dan bermartabat yang berperan aktif dalam pengembangan, penerapan dan kolaborasi ilmu pengetahuan dan teknik yang maju, serta berintegritas tinggi, berbudaya, berasaskan Pancasila dan berdasarkan moral agama untuk menyelesaikan persoalan bangsa.","Visi FTMM adalah menjadi fakultas yang unggul dalam bidang teknologi maju dan multidisiplin, serta berkontribusi signifikan terhadap pembangunan bangsa dan dunia.",2.2792141437530518,6.460973862562264,"[15, 4, 2, 1]","[23, 22, 21, 20]","[65.22, 18.18, 9.52, 5.0]",0.41913374169932255,23,43,0.44067796610169496,0.10526315789473685,0.3389830508474576,0.3389830508474576
35,Apa Misi dari FTMM?,"Misi dari FTMM adalah Menyelenggarakan pendidikan sarjana yang berwawasan internasional untuk menghasilkan lulusan bermoral agama dan mumpuni di bidang ilmu pengetahuan dan teknik yang berdaya guna dan mengabdi untuk kepentingan bangsa, menumbuhkan dan mengembangkan kreativitas, melaksanakan penelitian dan pengabdian kepada masyarakat yang berlandaskan budaya bangsa, mengembangkan kerjasama yang luas dengan lembaga di dalam dan di luar negeri.","Misi FTMM adalah untuk memberikan pendidikan berkualitas tinggi dalam bidang teknologi maju dan multidisiplin, serta melakukan penelitian dan pengabdian kepada masyarakat yang berdampak positif bagi kemajuan teknologi dan kesejahteraan masyarakat.",2.8806803226470947,7.8407615962473045,"[17, 6, 4, 3]","[32, 31, 30, 29]","[53.12, 19.35, 13.33, 10.34]",0.4040365236633421,32,61,0.3448275862068966,0.1411764705882353,0.29885057471264365,0.29885057471264365
36,Apa Visi dari program studi Rekayasa Nanoteknologi?,"Visi dari Program Studi Rekayasa Nanoteknologi adalah menjadi program studi yang unggul dan terdepan dalam menyiapkan sumber daya manusia sekaligus pengembangan ilmu di bidang nanoteknologi medis, nanoteknologi energi dan lingkungan, industri nanoteknologi dan komputasi nanoteknologi untuk kepentingan masyarakat luas.","Misi dari program studi Rekayasa Nanoteknologi adalah:
1. Menyelenggarakan pendidikan Sarjana Program Rekayasa Nanoteknologi secara profesional dan berkualitas dengan berdasarkan perkembangan ilmu pengetahuan serta kebutuhan pasar secara global.
2. Mengembangkan ilmu pengetahuan melalui penelitian laboratorium di bidang nanoteknologi.
3. Melaksanakan pengabdian masyarakat sebagai salah satu bentuk tanggung jawab sosial demi kesejahteraan masyarakat luas.
4. Melakukan dan meningkatkan kerjasama pendidikan dan penelitian dengan berbagai institusi baik di dalam maupun luar negeri dengan mempertimbangkan aspek kesetaraan dan keberlanjutan.",3.4773106575012207,0.0,"[18, 7, 3, 0]","[85, 84, 83, 82]","[21.18, 8.33, 3.61, 0.0]",1.0,85,42,0.3130434782608696,0.1415929203539823,0.24347826086956523,0.2608695652173913
37,Apa Misi dari program studi Rekayasa Nanoteknologi?,"Misi dari Program Studi Rekayasa Nanoteknologi adalah menyelenggarakan pendidikan Sarjana Program Rekayasa Nanoteknologi secara profesional dan berkualitas dengan berdasarkan perkembangan ilmu pengetahuan serta kebutuhan pasar secara global, mengembangkan ilmu pengetahuan melalui penelitian laboratorium di bidang nanoteknologi, melaksanakan pengabdian masyarakat sebagai salah satu bentuk tanggung jawab sosial demi kesejahteraan masyarakat luas dan melakukan dan meningkatkan kerjasama pendidikan dan penelitian dengan berbagai institusi baik di dalam maupun luar negeri dengan mempertimbangkan aspek kesetaraan dan keberlanjutan. ","Visi dari program studi Teknik Elektro adalah menjadi program studi sarjana Teknik Elektro yang inovatif, unggul, dan terkemuka tingkat nasional dan internasional serta berperan dalam aktif dalam usaha mensejahterakan bangsa berdasar moral agama.",3.2895963191986084,0.0,"[9, 0, 0, 0]","[36, 35, 34, 33]","[25.0, 0.0, 0.0, 0.0]",0.32919298780790557,36,76,0.18867924528301885,0.03846153846153846,0.1509433962264151,0.1509433962264151
38,Apa Visi dari program studi Teknik Elektro?,"Visi dari Program Studi Teknik Elektro adalah menjadi program studi sarjana Teknik Elektro yang inovatif, unggul, dan terkemuka tingkat nasional dan internasional serta berperan dalam aktif dalam usaha mensejahterakan bangsa berdasar moral agama.","Misi dari program studi Teknik Elektro adalah:
1. Mengembangkan pendidikan dan penelitian di bidang Teknik Elektro sehingga menghasilkan lulusan yang bereputasi internasional.
2. Berkontribusi nyata untuk menerapkan teknologi yang tepat dan modern di masyarakat nasional dan internasional.",4.089301109313965,0.0,"[14, 6, 2, 0]","[42, 41, 40, 39]","[33.33, 14.63, 5.0, 0.0]",1.0,42,36,0.37142857142857144,0.23529411764705882,0.37142857142857144,0.3142857142857143
39,Apa Misi dari program studi Teknik Elektro?,Misi dari Program Studi Teknik Elektro yaitu mengembangkan pendidikan dan penelitian di bidang Teknik Elektro sehingga menghasilkan lulusan yang bereputasi internasional serta berkontribusi nyata untuk menerapkan teknologi yang tepat dan modern di masyarakat nasional dan internasional.,"Visi dari program studi Teknik Industri Universitas Airlangga adalah menjadi program studi yang unggul dan bermartabat dalam hal pendidikan, penelitian, dan pengabdian masyarakat terkait bidang keilmuan teknik industri di tingkat internasional, berdasarkan moral agama.",2.3778412342071533,0.0,"[12, 0, 0, 0]","[38, 37, 36, 35]","[31.58, 0.0, 0.0, 0.0]",1.0,38,37,0.39999999999999997,0.08823529411764705,0.28571428571428575,0.28571428571428575
40,Apa Visi dari program studi Teknik Industri?,"Visi dari Program Studi Teknik Industri menjadi program studi yang unggul dan bermartabat dalam hal pendidikan, penelitian, dan pengabdian masyarakat terkait bidang keilmuan teknik industri di tingkat internasional, berdasarkan moral agama.","Misi dari program studi Teknik Industri Universitas Airlangga adalah:

1. Melaksanakan program pendidikan bidang Teknik Industri yang selaras dengan aspek keilmuan, perkembangan zaman, berlandaskan moral beragama serta berbangsa.
2. Melaksanakan penelitian baik dalam pengembangan metode dan aplikasi pada bidang advanced manufacturing, ergonomi, dan rekayasa sistem yang berorientasi pada aplikasi dan pengembangan keilmuan Teknik Industri secara luas.
3. Membantu memecahkan permasalahan yang terjadi di masyarakat dengan mengimplementasikan keilmuan Teknik Industri melalui program pengabdian kepada masyarakat.
4. Membangun hubungan kerjasama dengan berbagai sektor di tingkat nasional dan internasional dalam melakukan pendidikan, penelitian dan pengabdian masyarakat terkait keilmuan Teknik Industri.",4.656183242797852,4.607891794224007,"[24, 9, 3, 1]","[111, 110, 109, 108]","[21.62, 8.18, 2.75, 0.93]",1.0,111,35,0.359375,0.19047619047619047,0.28125,0.31249999999999994
41,Apa Misi dari program studi Teknik Industri?,"Misi dari Program Studi Teknik Industri yaitu melaksanakan program pendidikan bidang Teknik Industri yang selaras dengan aspek keilmuan, perkembangan zaman, berlandaskan moral beragama serta berbangsa, melaksanakan penelitian baik dalam pengembangan metode dan aplikasi pada bidang advanced manufacturing, ergonomi, dan rekayasa sistem yang berorientasi pada aplikasi dan pengembangan keilmuan Teknik Industri secara luas, membantu memecahkan permasalahan yang terjadi di masyarakat dengan mengimplementasikan keilmuan Teknik Industri melalui program pengabdian kepada masyarakat dan membangun hubungan kerjasama dengan berbagai sektor di tingkat nasional dan internasional dalam melakukan pendidikan, penelitian dan pengabdian masyarakat terkait keilmuan Teknik Industri. ","Maaf, saya tidak menemukan informasi mengenai visi program studi Teknik Robotika dan Kecerdasan Buatan dalam dokumen yang tersedia.",4.421780586242676,0.0,"[7, 0, 0, 0]","[20, 19, 18, 17]","[35.0, 0.0, 0.0, 0.0]",0.01831563888873418,20,100,0.10909090909090909,0.03703703703703704,0.0909090909090909,0.0909090909090909
42,Apa Visi dari program studi Teknik Robotika dan Kecerdasan Buatan,"Visi dari Program Studi Teknik Robotika dan Kecerdasan Buatan yaitu pada tahun 2035 menjadi program studi sarjana Teknik Robotika dan Kecerdasan Buatan yang inovatif, unggul, dan terkemuka tingkat nasional dan internasional, serta berperan dalam aktif dalam usaha mensejahterakan bangsa berdasar moral agama.","Maaf, saya tidak menemukan informasi mengenai misi program studi Teknik Robotika dan Kecerdasan Buatan dalam dokumen yang tersedia.",2.246837854385376,6.290271672367351,"[11, 5, 3, 2]","[20, 19, 18, 17]","[55.0, 26.32, 16.67, 11.76]",0.27253179303401265,20,46,0.3,0.20689655172413793,0.26666666666666666,0.26666666666666666
43,Apa Misi dari program studi Teknik Robotika dan Kecerdasan Buatan,"Misi dari Program Studi Teknik Robotika dan Kecerdasan Buatan yaitu mempersiapkan lulusan yang mampu mengembangkan metode kecerdasan buatan pada sistem fisik-siber (cyber physical system) yang otonomi (autonomous) pada aplikasi industri secara luas, mengembangkan penelitian baik dalam pengembangan metode dan implementasi kecerdasan buatan pada sistem fisik-siber (cyber physical system) yang otonomi (autonomous) yang berorientasi pada aplikasi di dunia industri secara luas, membantu memecahkan permasalahan yang terjadi di masyarakat terutama lembaga pemerintah dan industri pada bidang Robotika dan Otomasi serta bidang Kecerdasan Buatan, membangun jejaring kerjasama dengan pemangku kepentingan baik pemerintah dan industri maupun institusi lain di tingkat nasional dan internasional dalam pendidikan, penelitian dan pengabdian masyarakat. ","Pada tahun 2030 menjadi sebuah Program Studi S1 Teknologi Sains Data yang unggul di Indonesia dalam penerapan sains data pada bidang kesehatan, sosial dan komunikasi, industri, serta bisnis dan finansial untuk mendukung perkembangan masyarakat ilmiah yang cerdas/unggul dan berbudi pekerti luhur/bermoral karimah.",3.3439137935638428,0.0,"[18, 2, 0, 0]","[50, 49, 48, 47]","[36.0, 4.08, 0.0, 0.0]",0.25666077695355594,50,118,0.19867549668874174,0.026845637583892617,0.13245033112582782,0.13245033112582782
44,Apa Visi dari program studi Teknologi Sains Data,"Visi dari Program Studi Teknologi Sains Data yaitu tahun 2030 menjadi sebuah Program Studi S1 Teknologi Sains Data yang unggul di Indonesia dalam penerapan sains data pada bidang kesehatan, sosial dan komunikasi, industri, serta bisnis dan finansial untuk mendukung perkembangan masyarakat ilmiah yang cerdas/unggul dan berbudi pekerti luhur/bermoral karimah.","Misi dari program studi Teknologi Sains Data adalah:
1. Menyelenggarakan pendidikan di bidang Teknologi Sains Data yang berstandar nasional dan internasional agar mahasiswa mampu untuk berpikir kritis, berwawasan global, dan mengembangkan keterampilan dalam menjawab tantangan global.
2. Menyelenggarakan penelitian dan pengembangan ilmu di bidang Teknologi Sains Data yang berstandar nasional dan internasional di bidang kesehatan, sosial dan komunikasi, industri, serta bisnis dan finansial.
3. Menyelenggarakan pengabdian kepada masyarakat yang menunjang penerapan dan pengembangan ilmu Teknologi Sains Data yang dapat mendukung perkembangan masyarakat dengan ilmiah, cerdas dan bermoral agama serta meningkatkan kesejahteraan masyarakat.",3.4996206760406494,17.45878861998215,"[34, 19, 15, 11]","[105, 104, 103, 102]","[32.38, 18.27, 14.56, 10.78]",1.0,105,57,0.4755244755244755,0.28368794326241137,0.4195804195804196,0.40559440559440557
45,Apa Misi dari program studi Teknologi Sains Data,"Misi dari Program Studi Teknologi Sains Data yaitu enyelenggarakan pendidikan di bidang Teknologi Sains Data yang berstandar nasional dan internasional agar mahasiswa mampu untuk berpikir kritis, berwawasan global, dan mengembangkan keterampilan dalam menjawab tantangan global, menyelenggarakan penelitian dan pengembangan ilmu di bidang Teknologi Sains Data yang berstandar nasional dan internasional di bidang kesehatan, sosial dan komunikasi, industri, serta bisnis dan finansial, menyelenggarakan pengabdian kepada masyarakat yang menunjang penerapan dan pengembangan ilmu Teknologi Sains Data yang dapat mendukung perkembangan masyarakat dengan ilmiah, cerdas dan bermoral agama serta meningkatkan kesejahteraan masyarakat.","Maaf, informasi mengenai pendaftaran mahasiswa baru tidak tersedia dalam konteks yang diberikan.",2.590550661087036,0.0,"[5, 0, 0, 0]","[14, 13, 12, 11]","[35.71, 0.0, 0.0, 0.0]",0.0024787521766663585,14,98,0.05940594059405941,0.0,0.05940594059405941,0.05940594059405941
46,Bagaimana mendaftar untuk menjadi mahasiswa FTMM?,"Untuk pendaftaran dapat melalui SNMPTN, SBMPTN dan Jalur Mandiri yang diadakan oleh pihak Universitas Airlangga","Maaf, informasi mengenai jalur masuk FTMM tidak tersedia dalam konteks yang diberikan.",2.5530571937561035,0.0,"[2, 0, 0, 0]","[14, 13, 12, 11]","[14.29, 0.0, 0.0, 0.0]",0.8668778997501817,14,16,0.14814814814814814,0.0,0.14814814814814814,0.14814814814814814
47,Jalur apa saja untuk menjadi mahasiswa FTMM?,"Untuk pendaftaran dapat melalui SNMPTN, SBMPTN dan Jalur Mandiri yang diadakan oleh pihak Universitas Airlangga","Di FTMM, ada beberapa organisasi mahasiswa yang bisa kamu ikuti, di antaranya:

1. Badan Eksekutif Mahasiswa (BEM) dan Badan Legislatif Mahasiswa (BLM)
2. Himpunan Mahasiswa Program Studi (HMPS)
3. Unit Kegiatan Mahasiswa (UKM)
4. Komunitas Mahasiswa
5. Organisasi Keagamaan
6. Organisasi Penelitian
7. Organisasi Pengembangan Diri
8. Organisasi Penyaluran Hobi

Dengan mengikuti organisasi mahasiswa, kamu bisa mengembangkan soft skill, menambah teman, dan berkontribusi terhadap kemajuan FTMM.",3.762976884841919,0.0,"[3, 0, 0, 0]","[89, 88, 87, 86]","[3.37, 0.0, 0.0, 0.0]",1.0,89,16,0.04938271604938271,0.0,0.024691358024691357,0.04938271604938271
48,Di FTMM ada organisasi apa saja?,"Organisasi mahasiswa yang ada di FTMM yaitu BEM FTMM, BLM FTMM dan lima Hima Prodi.","Tentu saja ada! Di FTMM, terdapat berbagai organisasi mahasiswa (ORMAWA) yang bisa kamu ikuti. Mulai dari komunitas penelitian, pengembangan diri, keagamaan, hingga penyaluran hobi. Dengan adanya ORMAWA ini, kamu bisa menyalurkan minat dan bakatmu, serta berkontribusi dalam pengembangan diri dan masyarakat.",6.513243913650513,0.0,"[7, 1, 0, 0]","[53, 52, 51, 50]","[13.21, 1.92, 0.0, 0.0]",1.0,53,17,0.25,0.1111111111111111,0.14285714285714285,0.14285714285714285
49,Apakah ada organisasi-organisasi di FTMM ?,"Organisasi mahasiswa yang ada di FTMM yaitu BEM FTMM, BLM FTMM dan lima Hima Prodi.",BEM FTMM terbentuk melalui pemilihan umum mahasiswa yang diselenggarakan setiap tahun. Mahasiswa FTMM yang memenuhi syarat dapat memilih calon presiden dan wakil presiden BEM FTMM. Pasangan calon yang memperoleh suara terbanyak akan ditetapkan sebagai presiden dan wakil presiden BEM FTMM terpilih.,2.6320340633392334,0.0,"[8, 2, 0, 0]","[44, 43, 42, 41]","[18.18, 4.65, 0.0, 0.0]",1.0,44,17,0.25,0.07407407407407408,0.21428571428571425,0.21428571428571425
50,Bagaimana BEM FTMM terbentuk?,"Dalam sejarahnya, Fakultas Teknologi Maju dan Multidisiplin membentuk BEM Fakultas Teknologi Maju dan Multidisiplin terbentuk kepengurusan yang pertama pada tahun 2022 ini, dan menggelar pelantikan pengurus inti BEM bersamaan dengan pelantikan pengurus Badan Legislatif Mahasiswa di pertengahan Januari. Ketua BEM terpilih, yakni Aqil Naufal Rizqullah yang merupakan mahasiswa Rekayasa Nanoteknologi, mengusung nama kabinet periode pertama ini dengan nama “Kabinet Maju” yang memiliki visi untuk dapat menjadi wadah dan pusat pergerakan bagi seluruh mahasiswa FTMM dalam mengembangkan potensi terbaiknya, baik didalam ataupun luar negeri, serta membangun kerjasama kolaboratif dengan seluruh elemen FTMM, demi membawa FTMM yang mampu bergerak maju, bersinergi, dan bersaing secara sehat dalam banyak bidang.","Sejarah BEM FTMM UNAIR dimulai pada tahun 2023, dengan Mohammad Farras Reswara Aryandra (TSD 20) sebagai presiden, dan Muhammad Hanif (RN 21) sebagai wapres terpilih. BEM FTMM 2023 membawa Kabinet Pandawa, yang merupakan akronim dari 3 kata, yaitu Pandu, Darma dan Wibawa. Kabinet Pandawa menggantikan Kabinet Maju, yang diusung Aqil Naufal Rizqullah Presiden BEM FTMM masa bakti 2022.",3.591171979904175,0.0,"[29, 5, 1, 0]","[71, 70, 69, 68]","[40.85, 7.14, 1.45, 0.0]",0.5231498562443735,71,117,0.28048780487804875,0.07407407407407407,0.14634146341463414,0.14634146341463414
51,Sejarah BEM FTMM?,"Dalam sejarahnya, Fakultas Teknologi Maju dan Multidisiplin membentuk BEM Fakultas Teknologi Maju dan Multidisiplin terbentuk kepengurusan yang pertama pada tahun 2022 ini, dan menggelar pelantikan pengurus inti BEM bersamaan dengan pelantikan pengurus Badan Legislatif Mahasiswa di pertengahan Januari. Ketua BEM terpilih, yakni Aqil Naufal Rizqullah yang merupakan mahasiswa Rekayasa Nanoteknologi, mengusung nama kabinet periode pertama ini dengan nama “Kabinet Maju” yang memiliki visi untuk dapat menjadi wadah dan pusat pergerakan bagi seluruh mahasiswa FTMM dalam mengembangkan potensi terbaiknya, baik didalam ataupun luar negeri, serta membangun kerjasama kolaboratif dengan seluruh elemen FTMM, demi membawa FTMM yang mampu bergerak maju, bersinergi, dan bersaing secara sehat dalam banyak bidang.","BLM adalah Badan Legislatif Mahasiswa, lembaga legislatif di tingkat mahasiswa di FTMM UNAIR. BLM mempunyai tiga fungsi, yaitu aspirasi, legislasi, dan pengawasan.",4.303522348403931,0.0,"[13, 3, 1, 0]","[28, 27, 26, 25]","[46.43, 11.11, 3.85, 0.0]",0.0416451056544737,28,117,0.109375,0.04761904761904761,0.109375,0.109375
52,Apa itu BLM?,"Badan Legislatif Mahasiswa (BLM) merupakan lembaga legislatif di tingkat mahasiswa. BLM mempunyai tiga fungsi, yaitu aspirasi, legislasi, dan pengawasan. Sebagai badan legislatif, keberadaan BLM sangat krusial guna menyeimbangkan fungsi legislatif dan fungsi eksekutif yang dilakukan oleh Badan Eksekutif Mahasiswa (BEM). BLM menyelenggarakan beberapa kegiatan penting seperti Kongres Mahasiswa (Kosma) serta Monitoring dan Evaluasi (Monev).","BLM mempunyai tiga fungsi, yaitu aspirasi, legislasi, dan pengawasan.",2.6789488792419434,1.246768247477531,"[13, 12, 11, 10]","[13, 12, 11, 10]","[100.0, 100.0, 100.0, 100.0]",0.012467682474775305,13,70,0.2857142857142857,0.26229508196721313,0.2857142857142857,0.2857142857142857
53,Apa tugas dari BLM?,"Badan Legislatif Mahasiswa (BLM) merupakan lembaga legislatif di tingkat mahasiswa. BLM mempunyai tiga fungsi, yaitu aspirasi, legislasi, dan pengawasan. Sebagai badan legislatif, keberadaan BLM sangat krusial guna menyeimbangkan fungsi legislatif dan fungsi eksekutif yang dilakukan oleh Badan Eksekutif Mahasiswa (BEM). BLM menyelenggarakan beberapa kegiatan penting seperti Kongres Mahasiswa (Kosma) serta Monitoring dan Evaluasi (Monev).","Ketua koordinator program studi Teknologi Sains Data adalah Dr. Dwi Rantini, S.Si.",2.47644305229187,0.0,"[4, 0, 0, 0]","[17, 16, 15, 14]","[23.53, 0.0, 0.0, 0.0]",0.04426118996980669,17,70,0.0,0.0,0.0,0.0
54,Siapa ketua koordinator program studi Teknologi Sains Data?,"Ketua koordinator program studi Teknologi Sains Data adalah Dr. Dwi Rantini, S.Si. ","Maaf, saya tidak menemukan informasi tentang ketua koordinator program studi Teknik Elektro dalam dokumen yang tersedia.",2.5618045330047607,0.0,"[5, 2, 1, 0]","[18, 17, 16, 15]","[27.78, 11.76, 6.25, 0.0]",1.0,18,17,0.27586206896551724,0.22222222222222224,0.27586206896551724,0.27586206896551724
55,Siapa ketua koordinator program studi Teknik Elektro,"Ketua koordinator program studi Teknik Elektro adalah Lilik Jamilatul Awalin S.T., M.T., Ph.D ","Ketua koordinator program studi Teknik Robotika dan Kecerdasan Buatan adalah Ibu Purbandini, S.Si., M.Kom.",2.148529291152954,29.88685861808017,"[14, 8, 5, 3]","[22, 21, 20, 19]","[63.64, 38.1, 25.0, 15.79]",0.9555630362682843,22,23,0.5,0.26666666666666666,0.5,0.5
56,Siapa ketua koordinator program studi Teknik Robotika dan Kecerdasan Buatan,"Ketua koordinator program studi Teknik Robotika dan Kecerdasan Buatan adalah Purbandini, S.Si., M.Kom.","Ketua koordinator program studi Teknik Industri adalah Chandrawati Putri Wulandari, S.T., M.T., MBA., Ph.D.",2.2272751331329346,26.064654620515448,"[14, 9, 6, 3]","[28, 27, 26, 25]","[50.0, 33.33, 23.08, 12.0]",1.0,28,21,0.5,0.26666666666666666,0.5,0.5
57,Siapa ketua koordinator program studi Teknik Industri?,"Ketua koordinator program studi Teknik Industri adalah Chandrawati Putri Wulandari, S.T., M.T., MBA., Ph.D. ","Ketua koordinator program studi Rekayasa Nanoteknologi adalah Prof. Dr. Dra. Retno Sari, MSc., Apt.",2.966639280319214,11.520839644704113,"[12, 4, 2, 1]","[21, 20, 19, 18]","[57.14, 20.0, 10.53, 5.56]",0.7165313105737893,21,28,0.3225806451612903,0.20689655172413793,0.3225806451612903,0.3225806451612903
58,Siapa ketua koordinator program studi Rekayasa Nanoteknologi,"Ketua koordinator program studi Rekayasa Nanoteknologi adalah Prof. Dr. Dra. Retno Sari, MSc., Apt ","Maaf, informasi mengenai jumlah jenis tenaga kependidikan di FTMM tidak tersedia dalam konteks yang diberikan.",1.8171322345733643,0.0,"[2, 0, 0, 0]","[17, 16, 15, 14]","[11.76, 0.0, 0.0, 0.0]",0.8382234324229999,17,20,0.0,0.0,0.0,0.0
59,Ada berapa jenis tenaga kerpendidikan di FTMM?,"Tenaga kependidikan FTMM ada beberapa jenis yaitu Kepala Bagian Tata Usaha, Kepala Subbagian Sarana, Prasarana dan Kepala Subbagian SDM dan Keuangan dan Kepala Subbagian Akademik dan Kemahasiswaan","Maaf, informasi mengenai kependidikan FTMM tidak tersedia dalam konteks yang diberikan.",1.7329950332641602,0.0,"[3, 1, 0, 0]","[13, 12, 11, 10]","[23.08, 8.33, 0.0, 0.0]",0.29206782369141415,13,29,0.10526315789473684,0.05555555555555555,0.10526315789473684,0.10526315789473684
60,Kependidikan FTMM terdiri dari apa saja?,"Tenaga kependidikan FTMM ada beberapa jenis yaitu Kepala Bagian Tata Usaha, Kepala Subbagian Sarana, Prasarana dan Kepala Subbagian SDM dan Keuangan dan Kepala Subbagian Akademik dan Kemahasiswaan",Informasi mengenai kelompok penelitian di FTMM tidak tersedia dalam konteks yang diberikan.,2.0842764377593994,0.0,"[1, 0, 0, 0]","[13, 12, 11, 10]","[7.69, 0.0, 0.0, 0.0]",0.29206782369141415,13,29,0.05128205128205128,0.0,0.05128205128205128,0.05128205128205128
61,Apakah ada kelompok penelitian di FTMM?,"Kelompok penelitian yang dimiliki oleh FTMM yaitu Food and Environment Nanotechnology, Nanotechnology and Nanomedicine, Human Factor and System Engineering, Advanced Manufacturing and Computational Approach, Data-Driven Decision Support System, Robotics and Mechatronics, Digital Health, Computational Learning, Intelligent Systems, Renewable and Sustainable Energy Tecnology dan Intelligent Power and Control Engineering. ",Visi dari Food and Environment Nanotechnology adalah menjadi grup riset yang mampu menyelesaikan masalah bangsa dalam bidang food dan environment.,3.0792105197906494,2.2454736223192233,"[7, 3, 2, 1]","[21, 20, 19, 18]","[33.33, 15.0, 10.53, 5.56]",0.17171747122199255,21,58,0.17391304347826086,0.08955223880597014,0.14492753623188406,0.14492753623188406
62,Apa Visi dari Food and Environment Nanotechnology?,"Food and Environment Nanotechnology memiliki visi menjadi grup riset yang mampu menyelesaikan masalah bangsa dalam bidang food dan environment dan misi mengembangkan material absorban dari bahan alam untuk absorbsi dan dekomposisi bahan pewarna, mengembangkan material absorban dari bahan alam untuk absorbsi dan pemisahan logam berat, mengembangkan material absorban dari bahan sintetik untuk absorbsi dan dekomposisi bahan pewarna dan mengembangkan material absorban dari bahan sintetik untuk absorbsi dan pemisahan logam berat.","Kelompok FoodEnviroment Nanotechnology menghasilkan:
- Material absorban dari bahan alam untuk absorbsi dan dekomposisi bahan pewarna.
- Material absorban dari bahan alam untuk absorbsi dan pemisahan logam berat.
- Material absorban dari bahan sintetik untuk absorbsi dan dekomposisi bahan pewarna.
- Material absorban dari bahan sintetik untuk absorbsi dan pemisahan logam berat.",3.082423686981201,47.53118940463854,"[42, 37, 33, 29]","[57, 56, 55, 54]","[73.68, 66.07, 60.0, 53.7]",0.7552535529531296,57,73,0.7627118644067797,0.689655172413793,0.7627118644067797,0.4745762711864407
63,Apa saja yang dihasilkan dari kelompok FoodEnviroment Nanotechnology?,"Rekam jejak dari kelompok penelitian Food and Environment Nanotechnology pembuatan absorban dari bahan sintetik, seperti metal-organic framework (MOF), untuk absorbsi dan dekomposisi bahan pewarna, pembuatan absorban dari bahan sintetik, seperti metal-organic framework (MOF), untuk absorbsi dan pemisahan ion logam berat (Pb2+, Cd2+, Hg2+, dan lainnya), analisis dan karakterisasi absorban menggunakan instrument, seperti (single crystal dan powder) X-Ray Difraction, CHN analysis, SEM-EDS, thermal, UV-Vis dan Photoluminescence spectroscopy. ","Tentu, berikut adalah beberapa publikasi yang dihasilkan oleh kelompok FoodEnviroment Nanotechnology:

* Aliyu M. Hamisu, Azhar Ariffin, Arief C. Wibowo*, Cation Exchange in Metal-Organic Frameworks (MOFs): The Hard-Soft Acid-Base (HSAB) Principle Appraisal, Inorg. Chim. Acta. 2020, 511, 119801.
* Aliyu M. Hamisu, Fendi Y. Wardana, Irshad Baig, Azhar Ariffin, Christos Malliakas, Arief C. Wibowo*, A New Synthetic Approach for Solid Solution in Coordination Polymer: Cation Vacancy and Tunable Photoluminescence, J. Solid State Chem. 2019, 279, 120948.
* Fendi Y. Wardana, Seik-Weng Ng, Arief C. Wibowo*, The Lead Coordination Polymers Containing Pyrazine-2,3-Dicarboxylic Acid: Rapid Structural Transformations and Cation Exchange, Cryst. Growth Des., 2015, 15, 5930.",5.303096055984497,0.0,"[23, 0, 0, 0]","[157, 156, 155, 154]","[14.65, 0.0, 0.0, 0.0]",1.0,157,92,0.06703910614525138,0.011299435028248586,0.055865921787709494,0.06703910614525138
64,Publikasi apa saja yang dihasilkan dari kelompok FoodEnviroment Nanotechnology?,"Publikasi yang telah diterbitkan oleh kelompok penelitian Food and Environment Nanotechnology Pembuatan absorban dari bahan sintetik, seperti metal-organic framework (MOF), untuk absorbsi dan dekomposisi bahan pewarna, Pembuatan absorban dari bahan sintetik, seperti metal-organic framework (MOF), untuk absorbsi dan pemisahan ion logam berat (Pb2+, Cd2+, Hg2+, dan lainnya) dan Analisis dan karakterisasi absorban menggunakan instrument, seperti (single crystal dan powder) X-Ray Difraction, CHN analysis, SEM-EDS, thermal, UV-Vis dan Photoluminescence spectroscopy. ","Kelompok Food Enviroment Nanotechnology mendapatkan sumber dana dari:
- Hibah internal Riset Mandat Dosen Muda Universitas Airlangga.
- Hibah program penelitian kolaborasi Indonesia.
- Penelitian unggulan fakultas internal Universitas Airlangga.
- Fundamental Research Grant Scheme, Ministry of Education, Malaysia.
- High Impact Research Grant, University of Malaya, Malaysia.",3.3272693157196045,0.0,"[9, 0, 0, 0]","[58, 57, 56, 55]","[15.52, 0.0, 0.0, 0.0]",0.5375735693311238,58,94,0.08547008547008546,0.0,0.06837606837606838,0.08547008547008546
65,Kelompok Food Enviroment Nanotechnology mendapatkan sumber dana dari mana?,"Sumber dana penelitian untuk kelompok penelitian Food and Environment Tecnology diperoleh dari Hibah internal Riset Mandat Dosen Muda Universitas Airlangga, Hibah program penelitian kolaborasi Indonesia, Penelitian unggulan fakultas internal Universitas Airlangga, Fundamental, Research Grant Scheme, Ministry of Education, Malaysia, High Impact Research Grant, University of Malaya, Malaysia. ",Visi dari Nanotechnology and Nanomedicine adalah untuk menyediakan inovasi (bio)nanosensor yang paling canggih.,3.923065423965454,0.0,"[4, 0, 0, 0]","[17, 16, 15, 14]","[23.53, 0.0, 0.0, 0.0]",0.09508907677188685,17,57,0.0983606557377049,0.0,0.032786885245901634,0.032786885245901634
66,Apa Visi dari Nanotechnology and Nanomedicine?,"Nanotechnology and Nanomedicine memiliki visi memberikan inovasi (bio)nanosensor yang paling canggih dan misi yaitu mengembangkan proses preparasi sensor berbasis nanoteknologi dengan berbagai metode, mengembangkan nanokomposit dan nanopartikel sebagai sumber material untuk pembangkitan sensor, mengembangkan proses analisis selama pengujian material sensor dan mengembangkan aplikasi (bio)nanosensors di bidang kedokteran dan lingkungan. ","Hasil penelitian Nanotechnology and Nanomedicine antara lain:
- Sensor menggunakan boron-doped diamond nanoparticles modified material untuk antibiotic electrochemistry sensor (ciprofloxacin, levofloxacin, ofloxacin).
- Sensor elektrokimia untuk pemanis menggunakan elektroda boron-doped diamond.
- Uji in vitro dan in vivo, seperti uji antibakteri dan antikanker.
- Analisis dan karakterisasi nanomaterial menggunakan X-Ray Diffraction, SEM dan TEM.
- Sensor nanomaterial dari metode analisis tipis canggih, seperti sinkrotron dan hamburan nuklir.",3.605494737625122,0.0,"[18, 3, 1, 0]","[80, 79, 78, 77]","[22.5, 3.8, 1.28, 0.0]",1.0,80,58,0.25862068965517243,0.05263157894736842,0.1724137931034483,0.22413793103448276
67,Apa saja yang sudah dihasilkan oleh Nanotechnology and Nanomedicine?,"Rekam jejak dari kelompok Nanotechnology and Nanomedicine adalah Pembangkit sensor menggunakan material modifikasi nanopartikel berlian boron-doped untuk sensor elektrokimia antibiotik (ciprofloxacin, levofloxacin, ofloxacin), Pembangkit sensor elektrokimia untuk pemanis menggunakan elektroda intan yang didoping boron, Uji in vitro dan in vivo, seperti uji antibakteri dan antikanker, Analisis dan karakterisasi nanomaterial menggunakan X-Ray, Diffraction, SEM dan TEM, Sensor nanomaterial dari film tipis seperti sinkrotron dan hamburan nuklir.","Maaf, informasi mengenai sumber dana kelompok Nanotechnology and Nanomedicine tidak tersedia dalam konteks yang diberikan.",2.61784291267395,0.4828488697310239,"[7, 3, 2, 1]","[17, 16, 15, 14]","[41.18, 18.75, 13.33, 7.14]",0.02932215912389382,17,77,0.12195121951219512,0.07500000000000001,0.12195121951219512,0.12195121951219512
68,Kelompok Nanotechnology and Nanomedicine mendapatkan sumber dana dari mana?,"Pedanaan penelitian yang diberikan ke kelompok Nanotechnology and Nanomedicine diperoleh dari Hibah internal Riset Mandat Dosen Muda Universitas Airlangga, Hibah program penelitian kolaborasi Indonesia, Penelitian unggulan fakultas internal Universitas Airlangga, Grant penelitian DPRM Kemenristek/BRIN Universitas Airlangga, Grant-In-Aid for Japan Society for the Promotion of Science (JSPS) Research fellow ","Ruang lingkup penelitian Human Factor System Engineering meliputi:

* Manajemen Logistik dan Rantai Pasok
* Sistem Rantai Pasok Berkelanjutan
* Perencanaan Produksi dan Pengendalian Persediaan
* Manajemen Bandara
* Pemodelan Sistem, Optimisasi, dan Simulasi
* Perencanaan Simulasi Industri dan Optimisasi
* Metaheuristik untuk Optimisasi
* Aplikasi Data Mining
* Pemodelan Keputusan, Analisis, dan Pendukung Keputusan
* Rekayasa Sistem Kesehatan
* Ergonomi dan Faktor Manusia
* Rekayasa Kognitif
* Ergonomi Makro
* Perancangan Produk
* Sistem Kesehatan dan Keselamatan Kerja
* Interaksi Manusia-Komputer",4.1601176261901855,0.0,"[5, 0, 0, 0]","[87, 86, 85, 84]","[5.75, 0.0, 0.0, 0.0]",1.0,87,56,0.01694915254237288,0.0,0.01694915254237288,0.01694915254237288
69,Apa itu kelompok penelitian Human Factor System Enginering?,"Kelompok penelitian Human Factor and System Engineering adalah research group yang berfokus pada penelitian multidisiplin mengenai hal-hal yang berkaitan dengan manusia dan ergonomi atau tentang bagaimana merancang, mengatur, dan mengaplikasikan kombinasi metodologi antara ilmu rekayasa, sosial, manajemen, dan lainnya untuk menyelesaikan permasalahan nyata dari berbagai domain aplikasi. ","Maaf, informasi mengenai sumber dana kelompok Human Factor System Enginering tidak tersedia dalam konteks yang diberikan.",3.350797176361084,0.0,"[7, 1, 0, 0]","[18, 17, 16, 15]","[38.89, 5.88, 0.0, 0.0]",0.14306668275440818,18,53,0.1875,0.03225806451612903,0.15625,0.15625
70,Bagaimana ruang lingkup kelompok penelitian Human Factor System Enginering?,"Ruang lingkup penelitian Human Factor and System Engineering yaitu Manajemen Logistik dan Rantai Pasok, Pemodelan Sistem, Optimisasi dan Simulasi dan Ergonomi dan Faktor Manusia. ",Advanced Manufacturing and Computational Approach adalah kelompok riset yang aktif terlibat dalam penelitian yang berkaitan dengan sistem manufaktur terkini dan pekerjaan konsultasi di bidang proses manufaktur lanjutan dan pendekatan komputasi.,3.016191244125366,0.0,"[5, 0, 0, 0]","[31, 30, 29, 28]","[16.13, 0.0, 0.0, 0.0]",1.0,31,27,0.1851851851851852,0.0,0.14814814814814814,0.14814814814814814
71,Kelompok Human Factor System Enginering mendapatkan dana dari mana?,"Sumber dana penelitian untuk kelompok penelitian Human Factor and System Engineering diperoleh dari Hibah internal Penelitian Dosen Pemula Universitas Airlangga, Hibah internal Penelitian Unggulan Fakultas Universitas Airlangga, Hibah internal Pengabdian Masyarakat Universitas Airlangga. ","Ruang lingkup Advanced Manufacturing and Computational Approach meliputi:

* Proses Manufaktur Lanjut
* Electropolishing
* Electrochemical Machining
* Additive Manufacturing
* Electrical Discharge Machining
* Perencanaan Jalan Lanjut Robot Industri
* Sistem Kendali Lanjut Robot Industri
* Manufaktur Berkelanjutan
* Pendekatan Komputasi
* Pengoptimalan Meta-heuristik untuk Aplikasi Teknik
* Dinamika Nonlinier
* Metode Perencanaan Gerak Lanjut
* Pemodelan Berbasis Termodinamika
* Sistem Manufaktur
* Produksi dan Manajemen Operasi
* Manajemen Proyek
* Kualitas dan Rekayasa Keandalan
* Desain dan Tata Letak Pabrik
* Perencanaan Produksi dan Pengendalian",4.7507102489471436,0.0,"[2, 0, 0, 0]","[88, 87, 86, 85]","[2.27, 0.0, 0.0, 0.0]",1.0,88,36,0.0392156862745098,0.0,0.0196078431372549,0.0392156862745098
72,Apa itu Advanced Manufacturing and Computational Approach?,Advanced Manufacturing and Computational Approach secara aktif terlibat dalam penelitian yang berkaitan dengan sistem manufaktur terkini dan pekerjaan konsultasi di bidang proses manufaktur lanjutan dan pendekatan komputasi. ,"Kelompok Advanced Manufacturing and Computational Approach mendapatkan dana dari:
- Hibah internal Mandat Mitra Luar Negeri Universitas Airlangga
- Hibah internal Penelitian Unggulan Fakultas Universitas Airlangga
- Hibah internal Pengabdian Masyarakat Universitas Airlangga.
- Pendanaan RISTEK-BRIN Indonesia
- Toray Science Foundation
- Bantuan dana dari PT. Global Meditek Utama sebagai mitra pengmas",3.066390037536621,6.47637082044514,"[6, 4, 3, 2]","[55, 54, 53, 52]","[10.91, 7.41, 5.66, 3.85]",1.0,55,28,0.16216216216216217,0.1111111111111111,0.16216216216216217,0.16216216216216217
73,Bagaimana ruang lingkup Advanced Manufacturing and Computational Approach?,"Ruang lingkup penelitian Advanced Manufacturing and Computational Approach yaitu Proses Manufaktur Lanjut, Pendekatan komputasi, sistem manufaktur.","Data-Driven Decision Support System adalah grup riset yang bertujuan untuk menciptakan solusi dari permasalahan dunia dengan berbasiskan data. Grup riset ini fokus pada penyelesaian permasalahan terkait pengambilan keputusan di bidang kesehatan, sosial komunikasi, bisnis, pendidikan, dan lingkungan.",2.9409329891204834,0.0,"[3, 0, 0, 0]","[43, 42, 41, 40]","[6.98, 0.0, 0.0, 0.0]",1.0,43,19,0.0,0.0,0.0,0.0
74,Kelompok Advanced Manufacturing and Computational Approach mendapatkan dana darimana ? ,"Sumber dana yang diberikan ke kelompok penelitian Advanced Manufacturing and Computational Approach diperoleh dari Hibah internal Mandat Mitra Luar Negeri Universitas Airlangga, Hibah internal Penelitian Unggulan Fakultas Universitas Airlangga, Hibah internal, Pengabdian Masyarakat Universitas Airlangga, Pendanaan RISTEK-BRIN, Indonesia Toray, Science Foundation dan Bantuan dana dari PT. Global Meditek Utama sebagai mitra pengmas","Topik penelitian yang diajukan oleh kelompok Data-Driven Decision Support System adalah:
- Integrated Media & Public Opinion Intelligent System
- Survival Analysis & Health Detection
- Weather & Climate Change Analytics
- Learning Analytics & Technologies",3.5672731399536133,0.0,"[3, 0, 0, 0]","[37, 36, 35, 34]","[8.11, 0.0, 0.0, 0.0]",0.5517862176452085,37,59,0.07317073170731707,0.0,0.04878048780487805,0.04878048780487805
75,Apa itu Data-Driven Decision support System?,"Data-Driven Decision Support System merupakan grup riset yang bertujuan untuk menciptakan solusi dari permasalahan dunia dengan berbasiskan data. Grup riset Data-Driven Decision Support System dibentuk pada tahun 2020 sebagai wadah untuk kolaborasi yang bersifat interdisipliner bagi seorang policy experts, data scientist dan interactive programmers. Grup riset ini fokus pada penyelesaian permasalahan terkait pengambilan keputusan di bidang kesehatan, sosial komunikasi, bisnis, pendidikan, dan lingkungan. ","Kelompok Robotics and Mechatronics adalah kelompok riset multidisiplin yang memiliki basis ilmu teknik yang menggabungkan Teknik Mesin, Teknik Elektro, Ilmu Komputer, dan Teknik Robotika.",2.720107078552246,0.0,"[8, 1, 0, 0]","[28, 27, 26, 25]","[28.57, 3.7, 0.0, 0.0]",0.21530184919758036,28,71,0.0898876404494382,0.0,0.0898876404494382,0.0898876404494382
76,Kelompok Data-Driven Decision support system mengajukan topik apa?,"Topik penelitian pada kelompok penelitian Data-Driven Decision Support System yaitu Integrated Media & Public Opinion Intelligent System, Survival Analysis & Health Detection, Weather & Climate Change Analytics dan Learning Analytics & Technologies ","Kelompok Robotics and Mechatronics ada di bidang multidisiplin yang memiliki basis ilmu teknik yang menggabungkan Teknik Mesin, Teknik Elektro, Ilmu Komputer, dan Teknik Robotika.",2.760103940963745,0.0,"[3, 0, 0, 0]","[28, 27, 26, 25]","[10.71, 0.0, 0.0, 0.0]",0.8071177470053894,28,34,0.07547169811320754,0.0,0.07547169811320754,0.07547169811320754
77,Apa itu kelompok Robotics and Mechatronics?,"Robotics and Mechatronics merupakan kelompok riset multidisiplin yang memiliki basis ilmu teknik yang menggabungkan Teknik Mesin, Teknik Elektro, Ilmu Komputer, dan Teknik Robotika. Dengan kolaborasi antara cabang multidisiplin teknik tersebut, kami mengembangkan aplikasi perangkat yang luas, sistem pintar, robotika, kendaraan pintar, dan prototipe lain yang memiliki dasar disiplin mekatronika yang kuat. ","Kelompok Robotics and Mechatronics mendapatkan dana dari Penelitian Dosen Pemula Universitas Airlangga, PT.Adhikara, dan Adicita Winaya Guna.",4.895642995834351,0.0,"[8, 3, 1, 0]","[22, 21, 20, 19]","[36.36, 14.29, 5.0, 0.0]",0.16986907720473496,22,61,0.14492753623188406,0.05970149253731344,0.11594202898550723,0.11594202898550723
78,Kelompok Robotics and Mechatronics ada di bidang apa?,"Minat bidang kelompok penelitian Robotics and Mechatronics yaitu Pemodelan, identifikasi, dan pengendalian sistem robotik; Robotika biomedis, rehabilitasi, dan bedah; Eksoskeleton, prostetik, dan organ buatan; Desain & mekanisme baru dari Penggerak robotika; Fusi data multi-sensor dan SLAM; Layanan robotika, robotisasi industri, robotika ruang angkasa; Sensorisasi, navigasi robot, robotika komunikasi; Robotika kawanan (terkoneksi), sistem robotik bergerak dan terbang. ","Digital Health, Computational Learning, Intelligent System (DHCIS) adalah kelompok riset teknologi multidisiplin yang bergerak dalam bidang kesehatan (eHealth), ilmu hayati, teknik, dan ilmu komputer. Kelompok riset ini mempelajari bagaimana merancang, mengelola, dan menerapkan kombinasi metodologi sistem cerdas dan sistem komputasi untuk memecahkan masalah pada bidang kesehatan, industri, manufaktur, atau bidang lain.",3.6249125003814697,0.0,"[22, 4, 0, 0]","[67, 66, 65, 64]","[32.84, 6.06, 0.0, 0.0]",0.861350535541493,67,77,0.16822429906542058,0.0,0.11214953271028037,0.11214953271028037
79,Kelompok dari Robotics and Mechatronics mendapatkan dana dari mana?,"Pendanaan penelitian yang diberikan ke kelompok penelitian Robotics and Mechatronics didapat dari Penelitian Dosen Pemula Universitas Airlangga seperti Desain dan Implementasi Low-Cost Automatic Optical Inspection (AOI) Untuk Deteksi Kecacatan Pada Printed Circuit Board (PCB), AIR-Drone (Airlangga Autonomous Air Quality Integrated Multi Sensor –Drone), Integrasi Sistem Multi-gas Sensor pada Quadcopter untuk Mendeteksi Sumber Kebocoran Gas dan Pemetaan Spasial-Temporal Kualitas Udara pada Suatu Wilayah dan Robot BELANTARA (pembersih lantai dan udara) Airlangga sebagai pencegahan penyebaran virus pada area kerja dalam gedung dan ruang isolasi. Dana yang didapatkan dari penelitian kolaborasi dengan eksternal seperti PT.Adhikara – Flow Control System for Amina Distribution dan Adicita Winaya Guna – Xline2020,Modul Robot Edukasi dan Kompetisi Robot Pembelajaran teknologi berjenjang untuk level junior SD, SMP dan SMA.","Kelompok Digital Health, Computational Learning, Intelligent System mencakup bidang:
- Teknologi Kesehatan Digital
- Electronic Health (learning & service) Systems
- Telehealth Apps, devices & systems
- Wearable technology
- Augmented & Virtual Reality
- Health Web &/ Apps based platform
- Computational Intelligence dan Intelligent Systems (CIIS) (umum)
- Kecerdasan Buatan
- Pembelajaran Mesin
- Deep Learning
- Proses Mining
- Sistem Temu Kembali Informasi
- Rekayasa Pengetahuan
- Forecasting–Planning–Scheduling
- Analisis Data Statistik
- Clustering
- Sistem Terdistribusi
- Sistem Tertanam
- Pengenalan Pola
- Computational Intelligence dan Intelligent Systems (CIIS) (detail)
- Kecerdasan Buatan
- Pembelajaran Mesin
- Deep Learning
- Proses Mining
- Pemrosesan Bahasa Alami
- Sistem Temu Kembali Informasi
- Representasi Pengetahuan
- Sistem Knowledge-based
- Forecasting, Planning and Scheduling
- Automated Planning
- Bayesian Networks
- Clustering
- Sistem Kompleks
- Sistem Terdistribusi
- Sistem Tertanam
- Sistem Evolusioner
- Sistem Pakar
- Logika dan Sistem Fuzzy
- Algoritma Genetik
- Pemrograman Genetik
- Sistem Multi Agen
- Neural Fuzzy Systems
- Neural Genetic Systems
- Neural network
- Pengenalan Pola
- Probabilistic Reasoning
- Qualitative Reasoning
- Reinforcement Learning
- Self-Organizing Maps (SOM)
- State Space Search
- Analisis Data Statistik
- Support Vector Machines
- Swarm Intelligence
- Analisis Deret Waktu",10.079652786254883,0.0,"[20, 0, 0, 0]","[228, 227, 226, 225]","[8.77, 0.0, 0.0, 0.0]",1.0,228,137,0.07142857142857142,0.007194244604316547,0.04285714285714286,0.05714285714285715
80,"Apa itu Digital Health, Computational Learning, Intelligent System?","Digital Health, Computational Learning, Intelligent Systems merupakan penelitian teknologi multidisiplin, yang bergerak dalam bidang kesehatan (eHealth), ilmu hayati, teknik dan ilmu komputer. Fokus utama kelompok riset DHCIS adalah mempelajari  bagaimana merancang, mengelola, dan menerapkan kombinasi metodologi sistem cerdas dan sistem komputasi untuk memecahkan masalah pada bidang kesehatan, industri, manufaktur, atau bidang lain.","Sumber dana dari kelompok Digital Health, Compulational Learning, Intelligent didapatkan dari Konsorsium Kemendiktiristek-BRIN Penelitian Dosen Pemula Universitas Airlangga dan Hibah riset mandate khusus Covid-19 tahun 2020.",3.7808773517608643,0.0,"[10, 4, 2, 0]","[29, 28, 27, 26]","[34.48, 14.29, 7.41, 0.0]",0.27919018325723355,29,66,0.2,0.05128205128205129,0.17500000000000002,0.17500000000000002
81,"Kelompok Digital Health, Compulational Learning, Intelligent System mencakup bidang apa?","Bidang cakupan pada kelompok penelitian Digital Health, Computational Learning, Intelligent Systems antara lain Teknologi Kesehatan Digital dan Computational Intelligence dan Intelligent Systems. Pada Teknologi Kesehatan Digital antara lain Electronic Health (learning & service) Systems, Telehealth Apps, devices & systems, Wearable technology, Augmented & Virtual Reality, Health Web &/ Apps based platform. Pada Computational Intelligence dan Intelligent Systems seperti Kecerdasan Buatan, Pembelajaran Mesin, Deep Learning, Proses Mining, Sistem Temu Kembali Informasi, Rekayasa Pengetahuan, Forecasting–Planning–Scheduling, Analisis Data Statistik, Clustering, Sistem Terdistribusi, Sistem Tertanam, Pengenalan Pola.","Berikut adalah publikasi yang dihasilkan dari kelompok Compulational Learning, Intelligent System:

- The Application of Instrumentation System on a Contactless Robotic Triage Assistant to Detect Early Transmission on a COVID-19 suspect
- Transforming Timestamp of a CSV Database to an Event Log
- Memodelkan Penyebaran dan Optimasi SOP Pencegahan COVID-19 dengan Multimethod Simulation Modeling
- Improved Fuzzy Miner Algorithm for Business Process Discovery",10.777156352996826,0.0,"[5, 2, 1, 0]","[65, 64, 63, 62]","[7.69, 3.12, 1.59, 0.0]",0.5240575113736343,65,107,0.056338028169014086,0.014285714285714287,0.056338028169014086,0.056338028169014086
82,Sumber dana dari kelompok Digital Health. Compulational Learning. Intelligent didapatkan dari mana?,"Pendanaan penelitian yang diberikan ke kelompok penelitian Digital Health, Computational Learning, Intelligent Systems didapatkan dari Konsorsium Kemendikti Ristek-BRIN, Penelitian Dosen Pemula Universitas Airlangga dan Hibah riset mandate khusus Covid-19 tahun 2020",Kelompok riset Renewable and Sustainable Energy Technology bergerak di bidang pengembangan teknologi pemanfaatan sumber energi terbarukan.,2.572214365005493,0.0,"[1, 0, 0, 0]","[17, 16, 15, 14]","[5.88, 0.0, 0.0, 0.0]",0.36787944117144233,17,34,0.0816326530612245,0.0,0.0816326530612245,0.0816326530612245
83,"Publikasi apa saja yang dihasilkan dari kelompok Compulational Learning, Intelligent System?","Beberapa publikasi yang pernah diterbitkan oleh kelompok penelitian  Digital Health, Computational Learning, Intelligent Systems yaitu The Application of Instrumentation System on a Contactless Robotic Triage Assistant to Detect Early Transmission on a COVID-19 suspect, Transforming Timestamp of a CSV Database to an Event Log, Memodelkan Penyebaran dan Optimasi SOP Pencegahan COVID-19 dengan Multimethod Simulation Modeling dan Improved Fuzzy Miner Algorithm for Business Process Discovery",Kelompok riset Renewable and Sustainable Energy Technology bergerak di bidang pengembangan teknologi pemanfaatan sumber energi terbarukan.,2.7207746505737305,0.0,"[0, 0, 0, 0]","[17, 16, 15, 14]","[0.0, 0.0, 0.0, 0.0]",0.049787068367863944,17,68,0.024390243902439025,0.0,0.024390243902439025,0.024390243902439025
84,Kelompok riset renewable and Sustainable Energy Tecnology bergerak di bidang apa? ,"Renewable and Sustainable Energy Tecnology merupakan salah satu grup riset di bawah Fakultas Teknologi Maju dan Multidisiplin, Universitas Airlangga. Grup riset yang terdiri dari para dosen Teknik Elektro ini mempunyai fokus riset di bidang pengembangan teknologi pemanfaatan sumber energi terbarukan. Pengembangan teknologi yang dilakukan adalah dari sisi perangkat instrumentasi dan kendali, serta dari sisi pemodelan sistem daya pembangkit listrik energi terbarukan. Grup riset ini melibatkan beberapa mahasiswa yang aktif di bidang elektrikal dan elektronika untuk mengerjakan riset dan pengembangan. Saat ini, pengembangan di bidang energi terbarukan adalah memanfaatkan sebuah Solar Home System 1 kWp yang di pasang di atap Gedung Nanizar Zaman Joenoes, Kampus C, Universitas Airlangga. Beberapa penelitian terkait fasilitas ini yang sedang dikerjakan adalah pengembangan perangkat stasiun cuaca, sistem pemantauan pembangkitan energi surya, perancangan perangkat solar charge controller, analisa stabilitas sistem tenaga listrik, dan pemodelan karakteristik sistem pembangkit.",Intelligent Power and Control Engineering adalah salah satu riset group yang ada dibawah naungan Fakultas Teknologi Maju dan Multidisiplin. Penelitian kami berfokus pada penyelesaian permasalahan yang ada pada bidang rekayasa ketenagalistrikan dan rekayasa kontrol.,3.051431655883789,0.4978917400245117,"[16, 5, 3, 2]","[36, 35, 34, 33]","[44.44, 14.29, 8.82, 6.06]",0.03667882904777631,36,155,0.1724137931034483,0.05813953488372093,0.13793103448275865,0.13793103448275865
85,Kelompok riset renewable and Sustainable Energy Tecnology bergerak di bidang apa? ,"Bidang minat pada kelompok penelitian Renewable and Sustainable Energy Technology adalah Rekayasa energi surya seperti Konverter DC/DC (solar charge controller), Maximum power point tracking, Smart grid/Off grid Inverters. Minat Sistem Pembangkit Listrik Tenaga Surya seperti Sistem kendali generator dan turbin angin dan Sistem pembangkit listrik tenaga bayu. Minat Wind energy engineering dan pemantauan dan manajemen sistem pembangkit listrik energi terbarukan seperti Sistem monitor dan kendali berbasis IoT, Pemantauan dan prediksi cuaca, Sistem manajemen yang terintegrasi, Pemodelan karakter sistem berbasis kecerdasan buatan.",Kelompok Intelligent Power and Control Engineering bergerak di bidang rekayasa ketenagalistrikan dan rekayasa kontrol.,3.108520030975342,0.0,"[3, 0, 0, 0]","[15, 14, 13, 12]","[20.0, 0.0, 0.0, 0.0]",0.004827949993831441,15,95,0.1443298969072165,0.0,0.08247422680412372,0.08247422680412372
86,Apa itu Intelligent Power and Control Engineering ? ,"Intelligent Power and Control Engineering adalah salah satu riset group yang ada dibawah naungan Fakultas Teknologi Maju dan Multidisiplin. Penelitian kami berfokus pada penyelesain permasalahan yang ada pada bidang rekayasa ketenagalistrikan dan rekayasa kontrol. Ini termasuk Analisa system tenaga, mesin-mesin listrik, tegangan tinggi, kecerdasan buatan pada sistem tenaga, pemodelan dinamik, metode control lanjut dan metode kontrol cerdas.","Maaf, saya tidak menemukan informasi mengenai fasilitas yang ada pada kelompok Intelligent Power and Control Engineering dalam dokumen yang tersedia.",2.817269802093506,3.316681604689262,"[11, 6, 4, 2]","[22, 21, 20, 19]","[50.0, 28.57, 20.0, 10.53]",0.14162883881018593,22,65,0.23076923076923075,0.15789473684210525,0.15384615384615385,0.15384615384615385
87,Kelompok Intelligent Power and Control Engineering  bergerak dibidang apa?,"Bidang minat pada kelompok penelitian Intelligent Power and Control Engineering Rekaya Ketenagalistrikan seperti Analisa Sistem Tenaga, Konversi Energi, Elektronika Daya, Tegangan Tinggi, Mesin Listrik, Integrasi Energi Terbarukan, Kecerdasan  Buatan pada Ketenagalistrikan. Pada minta Rekayasa Kontrol seperti Pemodelan Dinamik, Metode Kontrol Lanjut, Metode Kontrol Cerdas, Metode Kontrol pada Energi Terbarukan dan Instrumentasi","Kelompok Intelligent Power and Control Engineering mendapatkan sumber dana dari:
- Hibah internal Mandat Mitra Luar Negeri Universitas Airlangga
- Hibah internal PDP Universitas Airlangga
- Hibah internal Pengabdian Masyarakat Universitas Airlangga.
- Program Penelitian Kerjasama Indonesia
- Hibah research SATU
- Hibah Kedaireka",4.280482053756714,5.6201769287415955,"[6, 4, 3, 2]","[46, 45, 44, 43]","[13.04, 8.89, 6.82, 4.65]",0.7217424244921066,46,61,0.15730337078651688,0.09195402298850573,0.13483146067415733,0.15730337078651688
88,Apa saja fasilitas yang ada pada kelompok Intelligent power and Control Engineering?,"Fasilitas penelitian pada kelompok penelitian Intelligent Power and Control Engineering seperti Mechanical Solar Tracker, Hybrid Vehicles Simulator, 11 kW Rooftop PV Plant, Airfeel Weather Station, Blade Pitch Angle Wind Turbine Simulator, MATLAB/SIMULINK ",,,0.0,"[0, 0, 0, 0]","[1, 0, 0, 0]","[0.0, 0.0, 0.0, 0.0]",3.1391327920480296e-17,1,39,0.0,0.0,0.0,0.0
89,Kelompok Intelligent Power and Control Engineering mendapatkan sumber dana darimana?,"Dana penelitian yang diberikan ke kelompok penelitian Intelligent Power and Control Engineering diperoleh dari Hibah internal Mandat Mitra Luar Negeri Universitas Airlangga, Hibah internal PDP Universitas Airlangga, Hibah internal Pengabdian Masyarakat Universitas Airlangga, Program Penelitian Kerjasama Indonesia, Hibah research SATU dan Hibah Kedaireka",,,0.0,"[0, 0, 0, 0]","[1, 0, 0, 0]","[0.0, 0.0, 0.0, 0.0]",1.0530617357553812e-20,1,47,0.0,0.0,0.0,0.0
